"Path","Bytes","SHA256"
"00_交付物总索引.md","3784","24E51BCDFE0D6F5067DE16EBD9A4640A8F33AA33525E9CB37DBE0F3CEFE6537E"
"01_实现正确性最终复核报告.md","8930","E7840B8390E4AF76530C4F0C9D931C25782FF4A4DA7BF59986D2745CD2E03BB4"
"02_三种Action生成方式与完整使用手册.md","14056","16B4F04D6A61AE3D7E3CBA5F387579FBC316CC50DE4CC8D06C11817AAED345E1"
"03_逐文件修改说明与代码定位.md","16862","26455209E3C70A607A28DFD6F6DDE5AF870AE69A1E6352B8C29143D0F8093116"
"04_核心算法逐行定位与执行流程.md","12176","4F95C033766A12F220FDB4D5D6251D90B1F81314B0234D899F8EC20BFCA947A4"
"05_离线迁移与Patch使用指南.md","7569","91C5B8E52A6DD77581BD1C70344DFEC9BF7F5F20970DF5761A997477ABDC36DF"
"06_论文一致性_工程适配与实验边界.md","6663","A3A149D9F1CD4A92B8E198D323ECD69F18EB86AD58F2BA34FDB2A39845FE7132"
"apply_offline_overlay.ps1","5172","8A63D3CB4C04E017B96BBE2806F1CD85F21583D7A974AC35ABF7207D44413C76"
"GR00T_N1.7_General_Release_to_Latent_A2A_MLP_DiT.patch","459902","79467B9FB3410CCD26A1EAFF61DA5A40B19E9EFADA23B1B360365B41EDE9EC62"
"IMPLEMENTATION_FILE_MANIFEST.csv","13031","35909E742C95525F0DE7360466C46B53B1147D7434E3BED2F6B6D031895238EA"
"implementation_files.txt","2013","2FC9F562B445659D28DF2C170322E6676F8A6015446A7A3DD1D73F7D1B8E4302"
"offline_overlay\examples\A2A\canonical_modality.py","1574","253770A63DD1990B47EAD098B25B291C15944ACA863F7AF59A508074805CE040"
"offline_overlay\examples\A2A\channel_contract.example.json","1873","10E47C07EA67D60325931EDC433E542E33213F967EEB928EFBEC35089F6B04FC"
"offline_overlay\examples\A2A\channel_specs.example.json","650","BAE13E52AC28EAF8B4A330852C6632C9DB1F5439E7A01772567DC903D5085B55"
"offline_overlay\getting_started\latent_a2a.md","13084","D2FCE1F5B1244DEA10D2EE82B12CD408FA8EF84013214B5F0E03B3C3D5B79307"
"offline_overlay\getting_started\潜空间A2A_DiT对比实现与使用.md","11959","6F4D3E1A39FD92ED9989920CC4685BBC4BDA7AEB5C642E775A75FF9A4AC3850D"
"offline_overlay\getting_started\潜空间A2A完整实现与使用手册.md","21321","D069B82D7B9E6E7F59F8B1F22C22CD2D28FBBB98C5BCAD56AF42F62194D38732"
"offline_overlay\gr00t\configs\base_config.py","10069","C6AB19FD99E3F6EC29FD2543FDA3956C7AE874624D2723D1BC7F7A9F4990D04B"
"offline_overlay\gr00t\configs\finetune_config.py","10229","1C3F36E5BF1D5BAAD1D728168DF82EB4A7982C87A20B146D5E702207EE28F6A7"
"offline_overlay\gr00t\configs\model\gr00t_n1d7_a2a.py","8733","BD487F4E2586685025FEC7F66B67249FD7FDAD69F9C05C3D6ACE172C70180F8C"
"offline_overlay\gr00t\data\a2a_contract.py","5209","96CA9604635DEB675F2CF8C34713E5D1FCDE9B860CE6B1583F4A5101D800A67D"
"offline_overlay\gr00t\data\dataset\__init__.py","1145","021C203BCF78657EB279F3482F34C044D0E7E6325214C8C35D3C160F245D0D2C"
"offline_overlay\gr00t\data\dataset\a2a_single_step_dataset.py","11751","4FDF4888EBB0CC9B507C989C8FF489D1AD2E588066A474DCE04452F2029DB766"
"offline_overlay\gr00t\data\dataset\factory.py","5237","1377F30A3B8CD8ECF45BE156365F6148EC039ED44445228A2C9B86707B628E13"
"offline_overlay\gr00t\data\types.py","5988","57EB737545E49854C22A3734AD70295C7C1A0FDBAA476BF1A340CE99066BF6AF"
"offline_overlay\gr00t\deployment\a2a_artifacts.py","3368","F59FED8D35922405B99FB0C7BCB69189DFA72B3685ADCBD2DC34AAE2DE213003"
"offline_overlay\gr00t\deployment\modes.py","6790","63C9B79298FE2EC4CC9FA8F9542786D3263F35AEC4E24E5B9B97913B8466857E"
"offline_overlay\gr00t\experiment\launch_finetune.py","9085","0D0BB952178C5653DFBC8EEE9C3B3D2F96A5393DABCCDB96A7FD65E0AF3638E7"
"offline_overlay\gr00t\experiment\trainer.py","15406","441F9D00F60E636595DF8CDFF28541C503D91A21AF7A46C91EE07506AFD1C201"
"offline_overlay\gr00t\model\__init__.py","820","5584BDB12137F889FC02F343EECEA46A2B5B6C7AC3C2D00E8DE7325CF37011D6"
"offline_overlay\gr00t\model\gr00t_n1d7\processing_gr00t_n1d7.py","37988","032756F6CFA4F7185C98EB19F6F4AADD8BA94B416D89CD87A5EEB081A3FFBAA9"
"offline_overlay\gr00t\model\gr00t_n1d7\setup.py","12767","8C048EAC2679A17A876C7FE45E1261F8D633D4C3C2A35C2F63E113731F953043"
"offline_overlay\gr00t\model\gr00t_n1d7_a2a\__init__.py","96","5A84235B83B6F587B9EEFEE6945C0ABB20DFA122EAA030ED5F7090EF0C255F53"
"offline_overlay\gr00t\model\gr00t_n1d7_a2a\gr00t_n1d7_a2a.py","31837","A57B819877069A0F4B28222E72127CFE3BAA381A798BC0BDE6F8FB19BD8242FA"
"offline_overlay\gr00t\model\gr00t_n1d7_a2a\processing_gr00t_n1d7_a2a.py","37042","49FD36385582D66BA00FC9085A34D20D4C3814E928BBC8619E358A3C555CFAAF"
"offline_overlay\gr00t\model\gr00t_n1d7_a2a\setup.py","11623","68DD86E668EFBA4A6065AB828C5681FB02BE3F8755159C27210B72BE68653A49"
"offline_overlay\gr00t\model\modules\a2a_latent.py","36019","008BE4C93F587DF29328CFD33B7DCCDD79CC33A5D7A07CD70FBCD8A6D9123B7A"
"offline_overlay\gr00t\policy\a2a_history.py","24179","58CEF28D64892FD35A79A0AC6EACAA7887DF4D8796771CDE5D4A66FEEB1A0B8D"
"offline_overlay\gr00t\policy\gr00t_policy.py","39531","08BF0789C1B8EFD5314C15B89555370236E9E50EC51EE8396B9062C3E292CFFA"
"offline_overlay\README.md","35805","CAF4F15B57411D3228761D3C2CA1791671BD6701B7AD23B02D009682178F541E"
"offline_overlay\scripts\a2a\audit_a2a_data.py","14890","48AF6D4FF608B753014B0F1B91151161DA07B2AC577476708F6864536347121E"
"offline_overlay\scripts\a2a\build_canonical_stats.py","16351","800784AF1CCC8D5E4F528C60698777B5A1A8C7510362045366159CB95B13B88A"
"offline_overlay\scripts\a2a\export_canonical_windows.py","27238","F52C6AF835B9BEABA526AAF9C15B079FA1CD2963E3220B691CFA212C66F0367D"
"offline_overlay\scripts\deployment\a2a_trt_model_forward.py","9802","E5C79BAA63F52133BFE6F2275C0E00696B4BE7E0EB2647032F5123E2F9606CEE"
"offline_overlay\scripts\deployment\benchmark_inference.py","26877","DE2D33693E842063CC0853FF2ACEF46C1ABC79E2DC9DF6FA95086FEC91B7213A"
"offline_overlay\scripts\deployment\build_tensorrt_engine.py","29997","01646AF2128AC78E2F9354652E8F15C4333744BEBF78A551B97C9694FF799BE1"
"offline_overlay\scripts\deployment\export_onnx_n1d7.py","65606","14D3A84AFEBD37DA05CC68F895FD22F3BEDD67CDEE896C780701587147FD9BB3"
"offline_overlay\scripts\deployment\export_onnx_n1d7_a2a.py","9838","B98164ABFC86014693B51CF89C290DB09669BA19B561903F15E16BB0516450B3"
"offline_overlay\scripts\deployment\trt_model_forward.py","43015","1DF497C0A578CFF283C6DF6E82B3BF1968FABC02FDC80ACC8EABDC633CDD0C9F"
"offline_overlay\tests\gr00t\configs\test_base_config_safe_yaml.py","9302","53CC55CF8CBD90C1038BB1354F3BD438B12547790C851F8DC4C3D496859DA903"
"offline_overlay\tests\gr00t\data\test_a2a_canonical_export.py","9964","65EF20729E02AF169DCF919480BB6D74711E275F11DDA01325E72BB6B73A1A61"
"offline_overlay\tests\gr00t\data\test_a2a_data_audit.py","8326","85C4BECC9DEE63710B267B1A2B7CC12F95D6F44AEC74F7F1D114E332D0D829EC"
"offline_overlay\tests\gr00t\data\test_a2a_dataset.py","5235","6DBEAE64F2E9CA46966FBED9ADEE1A9F6DBA3E43444E170E8176720C2EB7B98C"
"offline_overlay\tests\gr00t\deployment\test_a2a_artifacts.py","1342","4A5609E78B0590A9DDAB4A2B8E6B7C650233546F7A74F8E36401EFFBB9433A0D"
"offline_overlay\tests\gr00t\experiment\test_trainer_a2a_logging.py","608","4676B7C65EF03F713A9E2126E5202746922915573DBF43753F3CF880FC452D1B"
"offline_overlay\tests\gr00t\model\test_a2a_action_head.py","12499","56E10278E3EAA7CD4D00863F8206249A8F9D2D31855EA075C2D4F2AEF4B9991A"
"offline_overlay\tests\gr00t\model\test_a2a_latent.py","13616","5F9497C1F477F5F0BF0A0F8D9FDF0276D2442FD3F287B6A5C74EBB7C0A7B9EB5"
"offline_overlay\tests\gr00t\model\test_a2a_processor.py","12882","5E39A5C535FBA519075161A9F128CDD573E72BEDB36B9A3091647890E839DBE3"
"offline_overlay\tests\gr00t\model\test_vlm_image_input_parity.py","4805","27E94CA2854401E8965D03DA4C70C398BFF8793554DECBBE86FBB6D461E1B086"
"offline_overlay\tests\gr00t\policy\test_a2a_history.py","8733","6BB0AD76E1A8D66B07EC3E296EA7C376CB88A869AAB06618F75A8E8B19CC8B99"
"offline_overlay\tests\scripts\deployment\test_a2a_dit_onnx.py","4609","44F13FF6B434F044FFEBFB976998A4819F8AC595EFA5F4E2FFDBFE84FBE0CBD9"
"offline_overlay\tests\scripts\deployment\test_a2a_strict_observation.py","1787","D1E26D350D2A811E357825EA8844D395014BD29AD54E74AAE404E2A77D5C0C84"
"offline_overlay\tests\scripts\deployment\test_a2a_trt_entrypoints.py","3624","86349F710B0639EBB27DCAE0B21628E5D717D4D9739C2F528F380C20F60E9474"
"逐行源码定位\examples\A2A\canonical_modality.py.txt","2051","1E7FEEC65AEC8AE34BA0D907235242F6610DEDDCAEB1C6C0645CAA749BE6D614"
"逐行源码定位\examples\A2A\channel_contract.example.json.txt","2386","9A5FF110A985C69721DF63241CA93F59290DC536287B7547584A6AA73D393644"
"逐行源码定位\examples\A2A\channel_specs.example.json.txt","866","0E7C150AFE4F7AFC2E06E6B0709D22A9BA9343AF3B65A1BF0C04906837145397"
"逐行源码定位\getting_started\latent_a2a.md.txt","14830","1713E4C2E01EB75F6DE8C8EEF50918D3159DEF51A9B18901DE7227E7BFACC22E"
"逐行源码定位\getting_started\潜空间A2A_DiT对比实现与使用.md.txt","14587","21820DD739218FEC9A7F971A7D8472BBE6EF4C876CDFAA85CD2039A33C1D9D9B"
"逐行源码定位\getting_started\潜空间A2A完整实现与使用手册.md.txt","24597","420DC698E6B41959ECDCA54F5F24504C1989BB59107A1217931042870D28D953"
"逐行源码定位\gr00t\configs\base_config.py.txt","12157","D76458CDA0957155D5F8BA88996EDF2CEA2F9CFDD40D94FEC866C13381F3613C"
"逐行源码定位\gr00t\configs\finetune_config.py.txt","12560","5A4C44F1C3C46531C88621760E6AFE3FCFBA3C451F1540D41A15E672AD31D4B1"
"逐行源码定位\gr00t\configs\model\gr00t_n1d7_a2a.py.txt","10497","0E2A24B26AB4BE40749056F3C4B2FB932D5927C6D85B502001F42E5D24729D5A"
"逐行源码定位\gr00t\data\a2a_contract.py.txt","6496","1033A3A248A9479E7AC0578CFA708A22A0BDE6AC99F8BA1646AC7CE1A5BC9CC9"
"逐行源码定位\gr00t\data\dataset\__init__.py.txt","1460","E09985083BA5C1F3E8F44A869D5B5B923556E185531A32C40D4205518D88EA2D"
"逐行源码定位\gr00t\data\dataset\a2a_single_step_dataset.py.txt","14343","D06FBAC9522A7E785FEED1FB7845A3370DA449BB41604CC959FF44A903B93060"
"逐行源码定位\gr00t\data\dataset\factory.py.txt","6308","375922B971983CE7BCF6B4B22851B64428089B0C089B12DF1A429EAA526B13F0"
"逐行源码定位\gr00t\data\types.py.txt","7374","5170F872D3725BBF5C4A29A52E4E67F37BA8A20FC7448F932F6C4221F9E056A9"
"逐行源码定位\gr00t\deployment\a2a_artifacts.py.txt","4214","9C3A6B806E208B76C2C913187DCE773E99285C8F2743DABB133FA7C992D59EB4"
"逐行源码定位\gr00t\deployment\modes.py.txt","8329","B36A59087A4F3D17695E7DD396419BDABA5E08FE54AE858A4CDC3C92562AE170"
"逐行源码定位\gr00t\experiment\launch_finetune.py.txt","10858","AD0688C7D78A3E12DBDEE20C0A7A6277B6EE628757D50C29133428E1EAADEE62"
"逐行源码定位\gr00t\experiment\trainer.py.txt","18889","10C06DE9FA6C4D323C356F31181FCEE636A509813DC777AD5D421887119C3D7C"
"逐行源码定位\gr00t\model\__init__.py.txt","982","47ADED3AB174D233369BF98AFCC339F526FE3629A4042C62516558122234BF8B"
"逐行源码定位\gr00t\model\gr00t_n1d7\processing_gr00t_n1d7.py.txt","46097","D85894602A79C0A577C09C2CBB81C45AE02D420E83321BF7FC0927D4237FA75A"
"逐行源码定位\gr00t\model\gr00t_n1d7\setup.py.txt","15080","F8CD34F03176A728F8B0A75495FC0BC5BBA09ADEB702B9E4A1B8622E91462538"
"逐行源码定位\gr00t\model\gr00t_n1d7_a2a\__init__.py.txt","132","AE965A27DA0486D2B7E380A23A55A6AF76BDA869CA51F1A64449A6A13A9EDEB8"
"逐行源码定位\gr00t\model\gr00t_n1d7_a2a\gr00t_n1d7_a2a.py.txt","38173","DCD4907104EBC51E05A3131A89A523C3E5A53AEF4082B985D788CDC7DABFF180"
"逐行源码定位\gr00t\model\gr00t_n1d7_a2a\processing_gr00t_n1d7_a2a.py.txt","43720","479AD2E511B070BA176CA259C461EED03531A556A9CA138C1F9CA97EF03E5507"
"逐行源码定位\gr00t\model\gr00t_n1d7_a2a\setup.py.txt","14026","C2F8C8D2D7225F195670C7835C54D30CA2B95F5A99920CA1E9159073EA92BDCD"
"逐行源码定位\gr00t\model\modules\a2a_latent.py.txt","43696","9B9A42E1C218EFE93E738929C037D77FCA5DDEEF22863A6DB902757E4199C509"
"逐行源码定位\gr00t\policy\a2a_history.py.txt","29462","002044BDDCD88F4D7ED80146EECBE262165F01D20A819ADC8EFEF8267461088B"
"逐行源码定位\gr00t\policy\gr00t_policy.py.txt","47298","96C879566ACC36BF57624E66C680CB4229E95E8BC86FC9023C0802A33B6C3F0F"
"逐行源码定位\README.md.txt","41655","F2EB43EB820A718DDB248714D59FDAEFF1DBA55AF5D4A34D61ABCDD48A0E619D"
"逐行源码定位\scripts\a2a\audit_a2a_data.py.txt","18202","D6BEF897BBF640547CB8AC1A21F1E0397592A6F9C54EAEFD80CF3190D54C995B"
"逐行源码定位\scripts\a2a\build_canonical_stats.py.txt","19906","A025BFB3DDFF79536B099B9ADFB3E8CAD30398791818B164CDAAA9F45798A0FB"
"逐行源码定位\scripts\a2a\export_canonical_windows.py.txt","33088","3FD661F61A4378CC895488515D77051DEC2F39F800D80A998D9E0A73E51CD839"
"逐行源码定位\scripts\deployment\a2a_trt_model_forward.py.txt","11872","1DBC0A368F697AEBCC106E683C0D49A58189E12F2DE797022E791FAF5AC09CEA"
"逐行源码定位\scripts\deployment\benchmark_inference.py.txt","33159","63E32CA6DD0CAA3E9E6110E9A997FFDA5C44670F93FC54C47171E1E94F0ED1C5"
"逐行源码定位\scripts\deployment\build_tensorrt_engine.py.txt","36819","7F8AB930645A8DAB94CDD7276E5A5158E31A6D494D4763E50B557DBB4A536C6B"
"逐行源码定位\scripts\deployment\export_onnx_n1d7.py.txt","80006","B6C7D7BF57540EB7A9EED41777119E3D88430C417ED10812A79655F0AB5290FD"
"逐行源码定位\scripts\deployment\export_onnx_n1d7_a2a.py.txt","12223","F16ADE7BFEF7A4D9BD6147DE646A09697ACE2A54710FBC2FBE7BBB4009056CEB"
"逐行源码定位\scripts\deployment\trt_model_forward.py.txt","52213","72D60FB684ABF284B76164813B2754E74953D059186BE5D84DA574D3770438D1"
"逐行源码定位\tests\gr00t\configs\test_base_config_safe_yaml.py.txt","11345","DC42DE735C3126A999F496246B591C50F578B654FBC7B0BAFD13DA7D54643693"
"逐行源码定位\tests\gr00t\data\test_a2a_canonical_export.py.txt","12394","C404455D2CFA7F334CD690FC7427B3DC6914E0977661D549DC230B39EFE78FDD"
"逐行源码定位\tests\gr00t\data\test_a2a_data_audit.py.txt","10621","05AB7E84AA92F6A28551BA83732D7A5AB4C5D1BD9500122F7F06AA7F2F107978"
"逐行源码定位\tests\gr00t\data\test_a2a_dataset.py.txt","6540","BC37CC5E69598623CAA60B6C015D9AE38E9F906E5ABD8AA1D4ADE7DBB8EFBE4C"
"逐行源码定位\tests\gr00t\deployment\test_a2a_artifacts.py.txt","1720","829B02721E1546E59FEF14A59E23DA8F6C12D67DE2852F092C699912014A7453"
"逐行源码定位\tests\gr00t\experiment\test_trainer_a2a_logging.py.txt","761","92A0731AA22C7A06BD013B6C325EDF3E8FE7B21555F3C8839E18B183AD97A9B3"
"逐行源码定位\tests\gr00t\model\test_a2a_action_head.py.txt","15586","220ED92CEDE73ED513B1F7AF470BD25F72489E9278DFE15F5095AD296CF040C5"
"逐行源码定位\tests\gr00t\model\test_a2a_latent.py.txt","16892","D5B3E28D8DACC59E4CBA80DC2F990F385A9AB8F94AA55744207B0D2A5EE540E4"
"逐行源码定位\tests\gr00t\model\test_a2a_processor.py.txt","15861","092AC2896B6F8245F2361861618BB94AEBD4D7DAB98E852B508075C5AFCB9A95"
"逐行源码定位\tests\gr00t\model\test_vlm_image_input_parity.py.txt","5840","958890D09F21216C7D7EEACB7319F76B58142259A3521071C9D77AD091B9B46E"
"逐行源码定位\tests\gr00t\policy\test_a2a_history.py.txt","10641","34A6DD7CAF47A74AA5CF02EF09490FD8191B6078828DDFE4316A9C38E7A6E986"
"逐行源码定位\tests\scripts\deployment\test_a2a_dit_onnx.py.txt","5779","EA5ABDF665088CC149EB76DAA81D8BC5A9C65ED6D1F0A7B4F05D18C567C1F98E"
"逐行源码定位\tests\scripts\deployment\test_a2a_strict_observation.py.txt","2210","21B11C40EA880E4194FAFFEF2D3ED0A35863296ED30D29F9CF7E1211FF8590FF"
"逐行源码定位\tests\scripts\deployment\test_a2a_trt_entrypoints.py.txt","4524","CC35529D741DA0F0FA035DCD82D8AAA32BBA1D9B74124A8146E815BF825A6FDF"
